{"cameraMode":{"drawMode":0,"name":"Shaded","section":"Shading Mode"},"sceneLighting":false,"audioPlay":false,"sceneViewState":{"m_AlwaysRefresh":false,"showFog":false,"showSkybox":false,"showFlares":false,"showImageEffects":false,"showParticleSystems":false,"showVisualEffectGraphs":true,"m_FxEnabled":true},"in2DMode":false,"pivot":{"x":0.16138853132724763,"y":0.7530648112297058,"z":-0.30643507838249209},"rotation":{"x":-0.0062594059854745869,"y":-0.9896005988121033,"z":0.1362379938364029,"w":-0.04544677957892418},"size":1.3291233777999879,"orthographic":false}